symbol,start_date,end_date,enter_current_period,exit_current_period,enter_price,enter_price_open,exit_price,exit_price_open,pos_type,leverage,num_shares,PnL,PnL_percent
NVDA,20030313,20030717,27,34,4.607,4.623,7.333,7.19,long,1,37988,97502.533,55.516
NVDA,20030317,20030717,27,34,4.733,4.717,7.333,7.19,long,1,36324,89841.36,52.438
NVDA,20030502,20030717,28,34,5.3,5.35,7.333,7.19,long,1,31873,58635.696,34.384
NVDA,20030505,20030717,29,34,5.43,5.403,7.333,7.19,long,1,30565,54609.467,33.066
NVDA,20030509,20030717,29,34,7.123,7.14,7.333,7.19,long,1,22892,1144.6,0.7
NVDA,20030527,20030717,34,34,7.573,7.55,7.333,7.19,long,1,21155,-7615.8,-4.768
NVDA,20030529,20030717,35,34,8.07,8.833,7.333,7.19,long,1,19505,-32053.217,-18.604
NVDA,20030530,20030717,35,34,8.723,8.95,7.333,7.19,long,1,17729,-31203.04,-19.665
NVDA,20031107,20040127,35,31,7.25,7.273,7.543,7.63,long,1,24742,8824.647,4.904
NVDA,20031226,20040127,35,31,7.58,7.723,7.543,7.63,long,1,23250,-2170.0,-1.208
NVDA,20031229,20040127,34,31,7.9,7.817,7.543,7.63,long,1,21918,-4091.36,-2.388
NVDA,20031230,20040127,33,31,7.917,7.913,7.543,7.63,long,1,21490,-6088.833,-3.58
NVDA,20040106,20040127,33,31,8.267,8.173,7.543,7.63,long,1,20220,-10986.2,-6.648
NVDA,20040108,20040127,33,31,8.37,8.313,7.543,7.63,long,1,19620,-13407.0,-8.22
NVDA,20040109,20040127,34,31,8.49,8.52,7.543,7.63,long,1,19005,-16914.45,-10.446
NVDA,20040325,20040419,33,31,8.14,8.117,7.86,7.88,long,1,21939,-5192.23,-2.916
NVDA,20040329,20040419,35,31,8.467,8.412,7.86,7.88,long,1,20724,-11018.26,-6.321
NVDA,20040330,20040419,35,31,8.72,8.763,7.86,7.88,long,1,19770,-17463.5,-10.08
NVDA,20040331,20040419,35,31,8.8,8.897,7.86,7.88,long,1,19247,-19567.783,-11.428
NVDA,20040405,20040419,35,31,9.08,8.9,7.86,7.88,long,1,18327,-18693.54,-11.461
NVDA,20040909,20041014,20,15,4.517,4.48,4.6,4.61,long,1,39253,5102.89,2.902
NVDA,20040910,20041014,19,15,4.69,4.683,4.6,4.61,long,1,37140,-2723.6,-1.566
NVDA,20040913,20041014,20,15,4.78,4.737,4.6,4.61,long,1,35803,-4535.047,-2.674
NVDA,20040917,20041014,22,15,4.897,4.8,4.6,4.61,long,1,34339,-6524.41,-3.958
NVDA,20040921,20041014,20,15,5.02,4.893,4.6,4.61,long,1,32909,-9324.217,-5.79
NVDA,20041004,20041014,15,15,5.183,5.097,4.6,4.61,long,1,31314,-15239.48,-9.549
NVDA,20041105,20050104,17,17,5.88,5.816,7.49,7.41,long,1,30012,47849.132,27.414
NVDA,20041203,20050104,15,17,6.91,6.943,7.49,7.41,long,1,25092,11709.6,6.721
NVDA,20041206,20050104,15,17,7.24,7.663,7.49,7.41,long,1,23529,-5960.68,-3.306
NVDA,20041207,20050104,15,17,7.603,7.72,7.49,7.41,long,1,22013,-6824.03,-4.016
NVDA,20050202,20050308,25,15,8.217,8.117,8.813,8.757,long,1,21601,13824.64,7.885
NVDA,20050204,20050308,26,15,8.597,8.607,8.813,8.757,long,1,20285,3042.75,1.743
NVDA,20050211,20050308,24,15,8.717,8.713,8.813,8.757,long,1,19656,851.76,0.497
NVDA,20050218,20050308,20,15,9.423,9.38,8.813,8.757,long,1,17864,-11135.227,-6.645
NVDA,20050222,20050308,19,15,9.543,9.39,8.813,8.757,long,1,17330,-10975.667,-6.745
NVDA,20050513,20050718,29,33,8.443,8.343,8.74,8.793,long,1,21001,9450.45,5.394
NVDA,20050516,20050718,29,33,8.473,8.423,8.74,8.793,long,1,20560,7607.2,4.393
NVDA,20050517,20050718,28,33,8.567,8.547,8.74,8.793,long,1,19981,4928.647,2.886
NVDA,20050518,20050718,29,33,8.63,8.65,8.74,8.793,long,1,19487,2793.137,1.657
NVDA,20050520,20050718,31,33,8.767,8.827,8.74,8.793,long,1,18847,-628.233,-0.378
NVDA,20050523,20050718,32,33,8.97,8.883,8.74,8.793,long,1,18098,-1628.82,-1.013
NVDA,20050524,20050718,33,33,9.097,9.077,8.74,8.793,long,1,17533,-4967.683,-3.122
NVDA,20050526,20050718,31,33,9.233,9.26,8.74,8.793,long,1,16972,-7920.267,-5.04
NVDA,20050602,20050718,32,33,9.457,9.423,8.74,8.793,long,1,16281,-10257.03,-6.686
NVDA,20050613,20050718,33,33,9.533,9.537,8.74,8.793,long,1,15867,-11794.47,-7.794
NVDA,20050812,20051010,26,15,9.983,10.017,10.74,10.78,long,1,17733,13536.19,7.621
NVDA,20050815,20051010,25,15,10.237,10.14,10.74,10.78,long,1,16991,10874.24,6.312
NVDA,20050907,20051010,16,15,10.47,10.407,10.74,10.78,long,1,16322,6093.547,3.587
NVDA,20050908,20051010,17,15,10.593,10.707,10.74,10.78,long,1,15849,1162.26,0.685
NVDA,20050909,20051010,17,15,10.73,10.74,10.74,10.78,long,1,15374,614.96,0.372
NVDA,20050913,20051010,16,15,11.017,10.933,10.74,10.78,long,1,14712,-2255.84,-1.402
NVDA,20050915,20051010,16,15,11.077,11.17,10.74,10.78,long,1,14376,-5606.64,-3.491
NVDA,20050929,20051010,15,15,11.327,11.333,10.74,10.78,long,1,13813,-7643.193,-4.882
NVDA,20050930,20051010,15,15,11.427,11.56,10.74,10.78,long,1,13452,-10492.56,-6.747
NVDA,20051003,20051010,15,15,11.74,11.79,10.74,10.78,long,1,12864,-12992.64,-8.567
NVDA,20051121,20060512,35,35,12.277,12.34,17.553,17.517,long,1,14414,74616.473,41.95
NVDA,20051122,20060512,34,35,12.603,12.617,17.553,17.517,long,1,13795,67595.5,38.838
NVDA,20060104,20060512,35,35,13.097,13.1,17.553,17.517,long,1,13043,57606.583,33.715
NVDA,20060105,20060512,35,35,13.393,13.547,17.553,17.517,long,1,12531,49748.07,29.306
NVDA,20060106,20060512,35,35,13.613,13.607,17.553,17.517,long,1,12112,47357.92,28.736
NVDA,20060109,20060512,35,35,13.993,13.927,17.553,17.517,long,1,11577,41561.43,25.778
NVDA,20060111,20060512,35,35,14.503,14.5,17.553,17.517,long,1,10975,33107.917,20.805
NVDA,20060119,20060512,35,35,15.023,15.047,17.553,17.517,long,1,10409,25710.23,16.416
NVDA,20060127,20060512,35,35,15.417,15.483,17.553,17.517,long,1,9966,20264.2,13.132
NVDA,20060216,20060512,35,35,15.733,16.893,17.553,17.517,long,1,9595,5980.883,3.69
NVDA,20060217,20060512,35,35,15.823,15.79,17.553,17.517,long,1,9373,16184.047,10.935
NVDA,20060321,20060512,35,35,16.93,16.5,17.553,17.517,long,1,8607,8750.45,6.162
NVDA,20060324,20060512,35,35,17.317,17.332,17.553,17.517,long,1,8268,1529.58,1.067
NVDA,20060327,20060512,35,35,17.783,17.703,17.553,17.517,long,1,7910,-1476.533,-1.054
NVDA,20060328,20060512,35,35,18.057,18.133,17.553,17.517,long,1,7654,-4719.967,-3.401
NVDA,20060329,20060512,35,35,19.027,19.047,17.553,17.517,long,1,7136,-10918.08,-8.033
NVDA,20060330,20060512,35,35,19.157,19.143,17.553,17.517,long,1,6964,-11328.107,-8.497
NVDA,20060404,20060512,35,35,20.203,20.167,17.553,17.517,long,1,6488,-17193.2,-13.14
NVDA,20060405,20060512,35,35,20.367,20.313,17.553,17.517,long,1,6323,-17683.323,-13.768
NVDA,20060501,20060512,35,35,20.6,20.753,17.553,17.517,long,1,5415,-17526.55,-15.596
NVDA,20060728,20070105,35,23,15.113,14.953,22.44,22.52,long,1,9764,73880.933,50.602
NVDA,20060802,20070105,35,23,15.253,15.2,22.44,22.52,long,1,9369,68581.08,48.158
NVDA,20060803,20070105,35,23,16.213,16.64,22.44,22.52,long,1,8285,48715.8,35.337
NVDA,20060815,20070105,35,23,17.013,17.107,22.44,22.52,long,1,7518,40697.44,31.645
NVDA,20060816,20070105,34,23,18.233,18.007,22.44,22.52,long,1,6601,29792.513,25.065
NVDA,20060829,20070105,35,23,19.087,19.19,22.44,22.52,long,1,6647,22134.51,17.353
NVDA,20060830,20070105,35,23,19.48,19.433,22.44,22.52,long,1,6523,20134.327,15.883
NVDA,20060915,20070105,35,23,19.707,19.76,22.44,22.52,long,1,6711,18522.36,13.968
NVDA,20060918,20070105,35,23,20.453,20.32,22.44,22.52,long,1,6366,14005.2,10.827
NVDA,20060920,20070105,35,23,20.647,20.627,22.44,22.52,long,1,6237,11808.72,9.179
NVDA,20061009,20070105,35,23,21.947,21.833,22.44,22.52,long,1,5212,3578.907,3.145
NVDA,20061013,20070105,35,23,22.513,22.587,22.44,22.52,long,1,4937,-329.133,-0.295
NVDA,20061031,20070105,33,23,23.247,22.94,22.44,22.52,long,1,4522,-1899.24,-1.831
NVDA,20061109,20070105,35,23,23.527,23.327,22.44,22.52,long,1,4295,-3464.633,-3.458
NVDA,20061113,20070105,33,23,24.0,23.913,22.44,22.52,long,1,4072,-5673.653,-5.827
NVDA,20061114,20070105,34,23,24.24,24.167,22.44,22.52,long,1,4008,-6599.84,-6.814
NVDA,20061124,20070105,34,23,24.653,24.507,22.44,22.52,long,1,4384,-8709.547,-8.107
NVDA,20061215,20070105,23,23,25.0,25.023,22.44,22.52,long,1,4510,-11290.033,-10.004
NVDA,20061218,20070105,22,23,25.433,25.105,22.44,22.52,long,1,4386,-11336.348,-10.296
NVDA,20061219,20070105,21,23,25.8,25.667,22.44,22.52,long,1,4246,-13360.747,-12.26
NVDA,20070420,20070803,33,27,21.26,21.16,28.36,28.6,long,1,8401,62503.44,35.161
NVDA,20070424,20070803,34,27,21.7,21.667,28.36,28.6,long,1,7985,55362.667,32.0
NVDA,20070425,20070803,35,27,22.073,22.073,28.36,28.6,long,1,7751,50588.193,29.568
NVDA,20070426,20070803,34,27,22.347,22.273,28.36,28.6,long,1,7562,47842.253,28.405
NVDA,20070511,20070803,33,27,23.427,23.333,28.36,28.6,long,1,6416,33790.933,22.571
NVDA,20070605,20070803,33,27,24.073,23.907,28.36,28.6,long,1,6575,30858.667,19.632
NVDA,20070606,20070803,32,27,24.253,24.14,28.36,28.6,long,1,6389,28494.94,18.476
NVDA,20070613,20070803,35,27,24.78,24.667,28.36,28.6,long,1,6455,25389.667,15.946
NVDA,20070614,20070803,35,27,25.22,25.507,28.36,28.6,long,1,6221,19243.627,12.128
NVDA,20070615,20070803,34,27,26.367,26.633,28.36,28.6,long,1,5544,10903.2,7.384
NVDA,20070621,20070803,34,27,28.653,28.667,28.36,28.6,long,1,4636,-309.067,-0.233
NVDA,20070622,20070803,33,27,29.08,28.267,28.36,28.6,long,1,4433,1477.667,1.179
NVDA,20070709,20070803,31,27,30.027,29.873,28.36,28.6,long,1,4143,-5275.42,-4.262
NVDA,20070710,20070803,30,27,30.32,30.313,28.36,28.6,long,1,4067,-6968.127,-5.652
NVDA,20070712,20070803,30,27,30.769,30.68,28.36,28.6,long,1,3998,-8315.84,-6.78
NVDA,20070716,20070803,30,27,31.133,31.26,28.36,28.6,long,1,3962,-10538.92,-8.509
NVDA,20070822,20071025,30,19,32.273,32.427,34.7,35.8,long,1,2860,9647.733,10.403
NVDA,20070827,20071025,29,19,32.893,33.0,34.7,35.8,long,1,2938,8226.4,8.485
NVDA,20070831,20071025,32,19,34.107,34.26,34.7,35.8,long,1,2599,4002.46,4.495
NVDA,20070904,20071025,33,19,35.16,35.007,34.7,35.8,long,1,2505,1987.3,2.266
NVDA,20070926,20071025,26,19,36.67,37.02,34.7,35.8,long,1,2410,-2940.2,-3.296
NVDA,20070927,20071025,27,19,36.78,37.0,34.7,35.8,long,1,2446,-2935.2,-3.243
NVDA,20071001,20071025,28,19,37.77,37.68,34.7,35.8,long,1,2340,-4399.2,-4.989
NVDA,20071017,20071025,20,19,39.54,39.41,34.7,35.8,long,1,2133,-7700.13,-9.16
NVDA,20071226,20080102,24,24,36.26,36.2,33.01,33.2,long,1,2275,-6825.0,-8.287
NVDA,20080501,20080610,17,15,21.5,22.09,22.29,22.29,long,1,5635,1127.0,0.905
NVDA,20080502,20080610,17,15,22.52,22.37,22.29,22.29,long,1,5292,-423.36,-0.358
NVDA,20080506,20080610,17,15,22.53,22.59,22.29,22.29,long,1,5328,-1598.4,-1.328
NVDA,20080515,20080610,18,15,23.78,24.18,22.29,22.29,long,1,4556,-8610.84,-7.816
NVDA,20080516,20080610,17,15,24.41,24.42,22.29,22.29,long,1,4451,-9480.63,-8.722
NVDA,20080814,20080903,27,26,13.0,13.23,11.66,11.53,long,1,11784,-20032.8,-12.85
NVDA,20080819,20080903,27,26,13.42,13.62,11.66,11.53,long,1,11874,-24816.66,-15.345
NVDA,20080820,20080903,27,26,14.08,13.83,11.66,11.53,long,1,11174,-25700.2,-16.631
NVDA,20081217,20090219,35,35,9.32,9.26,7.42,7.32,long,1,17373,-33703.62,-20.95
NVDA,20090206,20090219,35,35,9.87,9.83,7.42,7.32,long,1,18987,-47657.37,-25.534
NVDA,20090318,20090507,35,35,10.2,10.27,10.73,10.5,long,1,18570,4271.1,2.24
NVDA,20090326,20090507,35,35,10.56,10.45,10.73,10.5,long,1,17312,865.6,0.478
NVDA,20090403,20090507,35,35,11.32,11.13,10.73,10.5,long,1,15875,-10001.25,-5.66
NVDA,20090406,20090507,35,35,11.35,11.13,10.73,10.5,long,1,15788,-9946.44,-5.66
NVDA,20090409,20090507,35,35,12.04,11.89,10.73,10.5,long,1,14837,-20623.43,-11.69
NVDA,20090504,20090507,35,35,12.3,12.03,10.73,10.5,long,1,13840,-21175.2,-12.718
NVDA,20090720,20090924,33,24,12.22,12.19,14.74,14.66,long,1,15567,38450.49,20.263
NVDA,20090723,20090924,35,24,13.0,12.6,14.74,14.66,long,1,14377,29616.62,16.349
NVDA,20090727,20090924,35,24,13.02,12.93,14.74,14.66,long,1,14104,24399.92,13.38
NVDA,20090803,20090924,32,24,13.28,13.05,14.74,14.66,long,1,13585,21871.85,12.337
NVDA,20090807,20090924,33,24,13.71,13.81,14.74,14.66,long,1,12929,10989.65,6.155
NVDA,20090827,20090924,33,24,14.01,14.39,14.74,14.66,long,1,12431,3356.37,1.876
NVDA,20090828,20090924,33,24,14.73,14.56,14.74,14.66,long,1,11616,1161.6,0.687
NVDA,20090904,20090924,31,24,15.11,15.22,14.74,14.66,long,1,11126,-6230.56,-3.679
NVDA,20090908,20090924,30,24,15.53,15.5,14.74,14.66,long,1,10636,-8934.24,-5.419
NVDA,20090909,20090924,29,24,15.96,16.01,14.74,14.66,long,1,10168,-13726.8,-8.432
NVDA,20090910,20090924,29,24,16.47,16.43,14.74,14.66,long,1,9681,-17135.37,-10.773
NVDA,20091204,20100122,19,35,14.26,15.85,16.46,16.73,long,1,13436,11823.68,5.552
NVDA,20091207,20100122,20,35,16.09,15.83,16.46,16.73,long,1,11699,10529.1,5.685
NVDA,20091216,20100122,23,35,16.91,16.96,16.46,16.73,long,1,10937,-2515.51,-1.356
NVDA,20091221,20100122,23,35,17.42,17.42,16.46,16.73,long,1,10431,-7197.39,-3.961
NVDA,20091222,20100122,23,35,17.88,18.05,16.46,16.73,long,1,9957,-13143.24,-7.313
NVDA,20091223,20100122,23,35,18.13,18.18,16.46,16.73,long,1,9675,-14028.75,-7.976
NVDA,20091230,20100122,24,35,18.67,18.71,16.46,16.73,long,1,9231,-18277.38,-10.583
NVDA,20100317,20100430,35,35,18.1,18.13,15.71,15.79,long,1,10574,-24743.16,-12.907
NVDA,20100913,20110223,30,33,10.64,10.55,22.11,22.22,long,1,17948,209453.16,110.616
NVDA,20100921,20110223,27,33,11.29,11.25,22.11,22.22,long,1,16619,182310.43,97.511
NVDA,20100923,20110223,27,33,11.62,11.88,22.11,22.22,long,1,15865,164044.1,87.037
NVDA,20100924,20110223,27,33,12.26,12.35,22.11,22.22,long,1,14773,145809.51,79.919
NVDA,20101112,20110223,35,33,13.26,13.32,22.11,22.22,long,1,13420,119438.0,66.817
NVDA,20101119,20110223,35,33,13.752,13.66,22.11,22.22,long,1,12713,108823.28,62.665
NVDA,20101201,20110223,32,33,14.21,14.21,22.11,22.22,long,1,12088,96824.88,56.369
NVDA,20101202,20110223,33,33,14.38,14.31,22.11,22.22,long,1,11736,92831.76,55.276
NVDA,20101203,20110223,34,33,14.79,14.84,22.11,22.22,long,1,11211,82737.18,49.73
NVDA,20101207,20110223,35,33,14.98,14.96,22.11,22.22,long,1,10875,78952.5,48.529
NVDA,20101231,20110223,35,33,15.4,15.52,22.11,22.22,long,1,10394,69639.8,43.17
NVDA,20110103,20110223,35,33,15.82,15.85,22.11,22.22,long,1,9941,63324.17,40.189
NVDA,20110105,20110223,35,33,16.98,17.42,22.11,22.22,long,1,9099,43675.2,27.555
NVDA,20110106,20110223,35,33,19.33,19.112,22.11,22.22,long,1,7853,24407.124,16.262
NVDA,20110107,20110223,35,33,19.87,19.51,22.11,22.22,long,1,7506,20341.26,13.89
NVDA,20110110,20110223,35,33,20.631,20.91,22.11,22.22,long,1,7028,9206.68,6.265
NVDA,20110112,20110223,35,33,23.352,23.1,22.11,22.22,long,1,4916,-4326.08,-3.81
NVDA,20110113,20110223,35,33,23.39,22.99,22.11,22.22,long,1,4668,-3594.36,-3.349
NVDA,20110124,20110223,35,33,24.73,24.62,22.11,22.22,long,1,3674,-8817.6,-9.748
NVDA,20110202,20110223,35,33,25.58,25.62,22.11,22.22,long,1,3280,-11152.0,-13.271
NVDA,20110429,20110516,33,35,20.0,20.42,17.701,17.64,long,1,8216,-22840.48,-13.614
NVDA,20110512,20110516,35,35,20.5,19.2,17.701,17.64,long,1,8421,-13136.76,-8.125
NVDA,20110915,20110929,29,27,15.495,15.53,13.09,12.88,long,1,11815,-31309.75,-17.064
NVDA,20111201,20111214,30,30,15.82,15.99,13.58,13.81,long,1,12062,-26295.16,-13.634
NVDA,20120124,20120229,24,15,14.94,14.54,15.15,15.21,long,1,14408,9653.36,4.608
NVDA,20120202,20120229,19,15,15.485,15.72,15.15,15.21,long,1,13657,-6965.07,-3.244
NVDA,20120203,20120229,20,15,15.82,15.74,15.15,15.21,long,1,13134,-6961.02,-3.367
NVDA,20120208,20120229,17,15,16.31,16.51,15.15,15.21,long,1,12516,-16270.8,-7.874
NVDA,20120328,20120409,15,15,15.16,15.14,14.44,14.38,long,1,14173,-10771.48,-5.02
NVDA,20120330,20120409,15,15,15.395,15.36,14.44,14.38,long,1,13713,-13438.74,-6.38
NVDA,20120619,20120711,22,19,13.235,13.37,12.61,12.47,long,1,16202,-14581.8,-6.731
NVDA,20120620,20120711,22,19,13.45,13.44,12.61,12.47,long,1,15664,-15194.08,-7.217
NVDA,20120629,20120711,19,19,13.82,13.89,12.61,12.47,long,1,14978,-21268.76,-10.223
NVDA,20120803,20120830,19,23,13.72,13.85,14.05,14.15,long,1,15568,4670.4,2.166
NVDA,20120806,20120830,18,23,14.01,14.18,14.05,14.15,long,1,14979,-449.37,-0.212
NVDA,20120807,20120830,17,23,14.15,14.14,14.05,14.15,long,1,14571,145.71,0.071
NVDA,20120809,20120830,17,23,14.71,15.1,14.05,14.15,long,1,13771,-13082.45,-6.291
NVDA,20130104,20130115,31,33,13.15,13.14,11.98,11.96,long,1,16244,-19167.92,-8.98
NVDA,20130412,20130612,34,17,13.09,13.05,14.05,14.0,long,1,16293,15478.35,7.28
NVDA,20130424,20130612,31,17,13.36,13.43,14.05,14.0,long,1,15684,8939.88,4.244
NVDA,20130425,20130612,32,17,13.47,13.45,14.05,14.0,long,1,15284,8406.2,4.089
NVDA,20130429,20130612,34,17,13.57,13.6,14.05,14.0,long,1,14906,5962.4,2.941
NVDA,20130430,20130612,34,17,13.77,13.77,14.05,14.0,long,1,14432,3319.36,1.67
NVDA,20130503,20130612,33,17,13.87,13.87,14.05,14.0,long,1,14077,1830.01,0.937
NVDA,20130510,20130612,33,17,14.54,14.44,14.05,14.0,long,1,13194,-5805.36,-3.047
NVDA,20130515,20130612,32,17,14.695,14.68,14.05,14.0,long,1,12826,-8721.68,-4.632
NVDA,20130517,20130612,31,17,14.87,14.81,14.05,14.0,long,1,12453,-10086.93,-5.469
NVDA,20130802,20131009,21,33,14.76,14.72,15.22,15.33,long,1,14470,8826.7,4.144
NVDA,20130805,20131009,22,33,14.83,14.84,15.22,15.33,long,1,14150,6933.5,3.302
NVDA,20130814,20131009,29,33,15.03,14.87,15.22,15.33,long,1,13717,6309.82,3.093
NVDA,20130815,20131009,29,33,15.125,15.1,15.22,15.33,long,1,13393,3080.39,1.523
NVDA,20130910,20131009,31,33,15.45,15.43,15.22,15.33,long,1,12882,-1288.2,-0.648
NVDA,20130911,20131009,32,33,15.71,15.63,15.22,15.33,long,1,12447,-3734.1,-1.919
NVDA,20131113,20131212,35,35,16.15,16.1,15.11,15.14,long,1,13242,-12712.32,-5.963
NVDA,20131114,20131212,35,35,16.22,16.28,15.11,15.14,long,1,12954,-14767.56,-7.002
NVDA,20140108,20140313,35,35,16.36,16.11,17.74,17.56,long,1,13043,18912.35,9.001
NVDA,20140212,20140313,35,35,16.83,17.25,17.74,17.56,long,1,12457,3861.67,1.797
NVDA,20140213,20140313,35,35,17.36,17.2,17.74,17.56,long,1,11865,4271.4,2.093
NVDA,20140214,20140313,35,35,17.91,17.92,17.74,17.56,long,1,11299,-4067.64,-2.009
NVDA,20140219,20140313,35,35,18.14,18.18,17.74,17.56,long,1,10961,-6795.82,-3.41
NVDA,20140220,20140313,35,35,18.78,18.75,17.74,17.56,long,1,10402,-12378.38,-6.347
NVDA,20140424,20140509,35,35,19.26,19.22,18.05,18.09,long,1,11083,-12523.79,-5.879
NVDA,20140611,20140623,26,24,19.4,19.4,18.71,18.68,long,1,10991,-7913.52,-3.711
NVDA,20140612,20140623,25,24,19.52,19.72,18.71,18.68,long,1,10732,-11161.28,-5.274
NVDA,20140902,20140912,25,25,19.495,19.6,19.12,19.18,long,1,10922,-4587.24,-2.143
NVDA,20140903,20140912,25,25,19.685,19.65,19.12,19.18,long,1,10628,-4995.16,-2.392
NVDA,20140904,20140912,25,25,20.03,20.01,19.12,19.18,long,1,10262,-8517.46,-4.148
NVDA,20141031,20141210,30,20,19.54,19.99,20.27,20.39,long,1,10881,4352.4,2.001
NVDA,20141103,20141210,30,20,19.87,20.0,20.27,20.39,long,1,10513,4100.07,1.95
NVDA,20141104,20141210,30,20,20.13,20.25,20.27,20.39,long,1,10196,1427.44,0.691
NVDA,20141121,20141210,27,20,20.455,20.5,20.27,20.39,long,1,9858,-1084.38,-0.537
NVDA,20141124,20141210,27,20,20.58,20.54,20.27,20.39,long,1,9627,-1444.05,-0.73
NVDA,20141126,20141210,27,20,20.915,20.99,20.27,20.39,long,1,9307,-5584.2,-2.859
NVDA,20141128,20141210,27,20,20.97,20.88,20.27,20.39,long,1,9120,-4468.8,-2.347
NVDA,20141203,20141210,24,20,21.14,21.11,20.27,20.39,long,1,8889,-6400.08,-3.411
NVDA,20150123,20150128,19,20,20.71,20.62,19.31,19.32,long,1,10265,-13344.5,-6.305
NVDA,20150210,20150325,18,17,20.95,21.0,21.04,20.61,long,1,10135,-3952.65,-1.857
NVDA,20150212,20150325,20,17,22.3,22.25,21.04,20.61,long,1,9355,-15342.2,-7.371
NVDA,20150302,20150325,23,17,22.595,22.43,21.04,20.61,long,1,9071,-16509.22,-8.114
NVDA,20150305,20150325,22,17,22.86,22.73,21.04,20.61,long,1,8809,-18675.08,-9.327
NVDA,20150310,20150325,22,17,22.995,23.0,21.04,20.61,long,1,8604,-20563.56,-10.391
NVDA,20150320,20150325,16,17,23.47,22.77,21.04,20.61,long,1,8283,-17891.28,-9.486
NVDA,20150805,20160106,23,31,20.58,20.53,31.53,30.74,long,1,10232,104468.72,49.732
NVDA,20150807,20160106,25,31,22.98,22.82,31.53,30.74,long,1,9003,71303.76,34.706
NVDA,20150810,20160106,25,31,23.78,23.43,31.53,30.74,long,1,8349,61031.19,31.199
NVDA,20150930,20160106,30,31,24.65,24.65,31.53,30.74,long,1,7389,44999.01,24.706
NVDA,20151002,20160106,32,31,24.8,24.96,31.53,30.74,long,1,6745,38986.1,23.157
NVDA,20151005,20160106,31,31,25.42,25.15,31.53,30.74,long,1,6375,35636.25,22.227
NVDA,20151006,20160106,32,31,25.75,25.81,31.53,30.74,long,1,6206,30595.58,19.101
NVDA,20151007,20160106,32,31,26.02,25.91,31.53,30.74,long,1,5986,28912.38,18.641
NVDA,20151012,20160106,32,31,26.35,26.14,31.53,30.74,long,1,5950,27370.0,17.598
NVDA,20151014,20160106,32,31,27.36,27.41,31.53,30.74,long,1,5491,18285.03,12.149
NVDA,20151022,20160106,32,31,28.4,28.65,31.53,30.74,long,1,5235,10941.15,7.295
NVDA,20151023,20160106,32,31,28.59,28.61,31.53,30.74,long,1,5208,11093.04,7.445
NVDA,20151106,20160106,31,31,31.55,31.24,31.53,30.74,long,1,3922,-1961.0,-1.601
NVDA,20151201,20160106,34,31,32.75,32.8,31.53,30.74,long,1,4322,-8903.32,-6.28
NVDA,20151204,20160106,33,31,33.75,33.74,31.53,30.74,long,1,3950,-11850.0,-8.892
NVDA,20160218,20160504,23,30,30.04,29.88,34.76,35.05,long,1,3774,19511.58,17.303
NVDA,20160222,20160504,25,30,31.52,31.27,34.76,35.05,long,1,3540,13381.2,12.088
NVDA,20160225,20160504,27,30,31.89,32.04,34.76,35.05,long,1,3644,10968.44,9.395
NVDA,20160301,20160504,29,30,32.75,32.57,34.76,35.05,long,1,3587,8895.76,7.614
NVDA,20160302,20160504,30,30,32.94,32.9,34.76,35.05,long,1,3635,7815.25,6.535
NVDA,20160316,20160504,35,30,33.1,32.98,34.76,35.05,long,1,4036,8354.52,6.277
NVDA,20160318,20160504,34,30,33.81,33.51,34.76,35.05,long,1,3841,5915.14,4.596
NVDA,20160323,20160504,34,30,34.43,34.12,34.76,35.05,long,1,3882,3610.26,2.726
NVDA,20160328,20160504,34,30,34.83,34.68,34.76,35.05,long,1,3967,1467.79,1.067
NVDA,20160329,20160504,35,30,35.39,35.52,34.76,35.05,long,1,3869,-1818.43,-1.323
NVDA,20160330,20160504,34,30,35.76,35.92,34.76,35.05,long,1,3797,-3303.39,-2.422
NVDA,20160413,20160504,32,30,36.74,36.64,34.76,35.05,long,1,3730,-5930.7,-4.34
NVDA,20160414,20160504,32,30,36.84,36.83,34.76,35.05,long,1,3772,-6714.16,-4.833
NVDA,20160415,20160504,32,30,37.13,37.06,34.76,35.05,long,1,3746,-7529.46,-5.424
NVDA,20160513,20160627,31,31,40.98,40.67,45.24,46.1,long,1,3095,16805.85,13.351
NVDA,20160516,20160627,31,31,42.19,42.0,45.24,46.1,long,1,2817,11549.7,9.762
NVDA,20160518,20160627,31,31,43.36,43.19,45.24,46.1,long,1,2628,7647.48,6.738
NVDA,20160520,20160627,31,31,44.33,44.52,45.24,46.1,long,1,2618,4136.44,3.549
NVDA,20160524,20160627,31,31,45.36,45.5,45.24,46.1,long,1,2604,1562.4,1.319
NVDA,20160526,20160627,30,31,45.65,45.7,45.24,46.1,long,1,2627,1050.8,0.875
NVDA,20160531,20160627,31,31,46.72,46.5,45.24,46.1,long,1,2641,-1056.4,-0.86
NVDA,20160601,20160627,31,31,46.81,47.06,45.24,46.1,long,1,2622,-2517.12,-2.04
NVDA,20160623,20160627,31,31,48.49,46.5,45.24,46.1,long,1,2454,-981.6,-0.86
NVDA,20160707,20160909,31,34,48.89,49.41,59.52,58.73,long,1,2410,22461.2,18.863
NVDA,20160708,20160909,31,34,50.85,51.58,59.52,58.73,long,1,2182,15601.3,13.862
NVDA,20160711,20160909,31,34,52.02,52.6,59.52,58.73,long,1,2078,12738.14,11.654
NVDA,20160712,20160909,32,34,52.8,52.9,59.52,58.73,long,1,2031,11840.73,11.021
NVDA,20160714,20160909,33,34,53.32,52.64,59.52,58.73,long,1,2072,12618.48,11.569
NVDA,20160720,20160909,29,34,54.22,54.1,59.52,58.73,long,1,2081,9635.03,8.558
NVDA,20160722,20160909,29,34,54.67,55.0,59.52,58.73,long,1,1997,7448.81,6.782
NVDA,20160725,20160909,28,34,55.68,56.17,59.52,58.73,long,1,1943,4974.08,4.558
NVDA,20160726,20160909,29,34,56.63,57.12,59.52,58.73,long,1,1883,3031.63,2.819
NVDA,20160805,20160909,30,34,58.2,59.0,59.52,58.73,long,1,1825,-492.75,-0.458
NVDA,20160808,20160909,29,34,58.74,59.03,59.52,58.73,long,1,1814,-544.2,-0.508
NVDA,20160811,20160909,31,34,59.7,61.9,59.52,58.73,long,1,1773,-5620.41,-5.121
NVDA,20160812,20160909,32,34,63.04,63.11,59.52,58.73,long,1,1500,-6570.0,-6.94
NVDA,20160919,20170223,34,26,63.67,64.4,100.49,97.07,long,1,1444,47175.48,50.73
NVDA,20160927,20170223,33,26,66.54,66.64,100.49,97.07,long,1,1356,41263.08,45.663
NVDA,20160928,20170223,33,26,66.78,66.67,100.49,97.07,long,1,1370,41648.0,45.598
NVDA,20160929,20170223,32,26,67.4,67.77,100.49,97.07,long,1,1346,39437.8,43.234
NVDA,20160930,20170223,31,26,68.52,68.52,100.49,97.07,long,1,1297,37029.35,41.667
NVDA,20161024,20170223,30,26,70.71,70.59,100.49,97.07,long,1,1219,32279.12,37.512
NVDA,20161025,20170223,30,26,71.87,71.27,100.49,97.07,long,1,1173,30263.4,36.2
NVDA,20161111,20170223,26,26,87.97,88.09,100.49,97.07,long,1,487,4373.26,10.194
NVDA,20161116,20170223,25,26,91.63,92.31,100.49,97.07,long,1,422,2008.72,5.157
NVDA,20161215,20170223,27,26,98.71,99.83,100.49,97.07,long,1,397,-1095.72,-2.765
NVDA,20161216,20170223,27,26,100.41,99.7,100.49,97.07,long,1,390,-1025.7,-2.638
NVDA,20161219,20170223,27,26,101.63,104.58,100.49,97.07,long,1,384,-2883.84,-7.181
NVDA,20161220,20170223,27,26,105.17,105.64,100.49,97.07,long,1,362,-3102.34,-8.112
NVDA,20161222,20170223,27,26,107.11,106.38,100.49,97.07,long,1,362,-3370.22,-8.752
NVDA,20161223,20170223,26,26,109.78,112.06,100.49,97.07,long,1,350,-5246.5,-13.377
NVDA,20161227,20170223,26,26,117.32,119.6,100.49,97.07,long,1,304,-6849.12,-18.838
NVDA,20170510,20170703,35,30,121.29,120.05,139.33,141.9,long,1,343,7494.547,18.201
NVDA,20170511,20170703,35,30,126.5,126.63,139.33,141.9,long,1,296,4519.917,12.059
NVDA,20170515,20170703,34,30,134.31,136.38,139.33,141.9,long,1,266,1468.317,4.048
NVDA,20170516,20170703,35,30,136.81,134.1,139.33,141.9,long,1,261,2035.795,5.817
NVDA,20170522,20170703,35,30,138.9,139.7,139.33,141.9,long,1,232,510.398,1.575
NVDA,20170526,20170703,35,30,141.84,143.7,139.33,141.9,long,1,227,-408.602,-1.253
NVDA,20170530,20170703,34,30,144.87,146.69,139.33,141.9,long,1,221,-1058.592,-3.265
NVDA,20170605,20170703,35,30,148.01,147.82,139.33,141.9,long,1,221,-1308.324,-4.005
NVDA,20170608,20170703,32,30,159.94,164.74,139.33,141.9,long,1,193,-4408.124,-13.864
NVDA,20170807,20170811,28,28,172.35,173.89,155.96,159.67,long,1,161,-2289.42,-8.178
NVDA,20170915,20171128,21,15,180.11,185.14,210.71,210.01,long,1,158,3929.458,13.433
NVDA,20170918,20171128,20,15,187.55,185.51,210.71,210.01,long,1,141,3454.5,13.207
NVDA,20171013,20171128,15,15,194.59,195.8,210.71,210.01,long,1,152,2159.918,7.257
NVDA,20171016,20171128,15,15,197.93,197.09,210.71,210.01,long,1,149,1925.079,6.555
NVDA,20171027,20171128,15,15,201.86,201.86,210.71,210.01,long,1,151,1230.648,4.037
NVDA,20171030,20171128,15,15,203.84,205.13,210.71,210.01,long,1,149,727.119,2.379
NVDA,20171031,20171128,15,15,206.81,209.35,210.71,210.01,long,1,147,97.017,0.315
NVDA,20171107,20171128,15,15,212.03,211.85,210.71,210.01,long,1,149,-274.163,-0.869
NVDA,20171110,20171128,15,15,216.14,216.14,210.71,210.01,long,1,124,-760.121,-2.836
NVDA,20180103,20180205,18,34,212.47,215.76,213.7,204.4,long,1,114,-1295.04,-5.265
NVDA,20180104,20180205,19,34,213.59,214.19,213.7,204.4,long,1,114,-1116.061,-4.571
NVDA,20180108,20180205,21,34,222.0,222.22,213.7,204.4,long,1,106,-1888.921,-8.019
NVDA,20180119,20180205,27,34,230.11,230.43,213.7,204.4,long,1,101,-2629.03,-11.296
NVDA,20180122,20180205,28,34,233.69,235.85,213.7,204.4,long,1,99,-3113.552,-13.335
NVDA,20180123,20180205,29,34,238.91,239.04,213.7,204.4,long,1,97,-3360.08,-14.491
NVDA,20180126,20180205,32,34,243.33,242.74,213.7,204.4,long,1,95,-3642.302,-15.795
NVDA,20180129,20180205,33,34,246.85,241.11,213.7,204.4,long,1,92,-3377.321,-15.225
NVDA,20180509,20180625,35,35,255.78,257.92,239.12,243.7,long,1,67,-952.741,-5.513
NVDA,20180510,20180625,35,35,260.13,252.78,239.12,243.7,long,1,67,-608.36,-3.592
NVDA,20180604,20180625,35,35,264.85,264.98,239.12,243.7,long,1,75,-1596.001,-8.031
NVDA,20180614,20180625,35,35,266.91,264.6,239.12,243.7,long,1,86,-1797.401,-7.899
NVDA,20180814,20181010,35,29,261.43,262.27,245.69,242.17,long,1,95,-1909.499,-7.664
NVDA,20180823,20181010,35,29,266.84,267.18,245.69,242.17,long,1,75,-1875.749,-9.361
NVDA,20180824,20181010,35,29,272.22,273.42,245.69,242.17,long,1,74,-2312.501,-11.429
NVDA,20180827,20181010,35,29,275.9,275.66,245.69,242.17,long,1,72,-2411.28,-12.149
NVDA,20180904,20181010,35,29,283.7,282.99,245.69,242.17,long,1,74,-3020.679,-14.425
NVDA,20181001,20181010,29,29,289.36,288.25,245.69,242.17,long,1,69,-3179.52,-15.986
NVDA,20190313,20190426,30,30,168.62,168.99,178.09,178.41,long,1,132,1243.439,5.574
NVDA,20190315,20190426,32,30,169.81,171.08,178.09,178.41,long,1,133,974.89,4.285
NVDA,20190319,20190426,31,30,175.71,176.88,178.09,178.41,long,1,127,194.31,0.865
NVDA,20190321,20190426,32,30,183.94,182.84,178.09,178.41,long,1,117,-518.31,-2.423
NVDA,20190403,20190426,32,30,188.62,188.0,178.09,178.41,long,1,119,-1141.21,-5.101
NVDA,20190405,20190426,33,30,190.95,189.72,178.09,178.41,long,1,123,-1391.13,-5.961
NVDA,20190408,20190426,32,30,191.79,190.44,178.09,178.41,long,1,124,-1491.72,-6.317
NVDA,20190723,20190805,35,34,175.66,177.4,150.79,153.8,long,1,168,-3964.798,-13.303
NVDA,20190724,20190805,35,34,178.66,176.99,150.79,153.8,long,1,166,-3849.542,-13.102
NVDA,20190905,20191115,28,19,179.74,178.8,204.19,203.89,long,1,125,3136.25,14.032
NVDA,20190911,20191115,28,19,184.33,186.2,204.19,203.89,long,1,128,2264.32,9.501
NVDA,20191015,20191115,30,19,196.37,195.0,204.19,203.89,long,1,119,1057.91,4.559
NVDA,20191025,20191115,23,19,204.54,206.3,204.19,203.89,long,1,114,-274.74,-1.168
NVDA,20191028,20191115,23,19,206.79,206.23,204.19,203.89,long,1,114,-266.76,-1.135
NVDA,20191104,20191115,21,19,210.5,210.49,204.19,203.89,long,1,114,-752.401,-3.136
NVDA,20191118,20200131,18,26,212.28,211.032,236.43,235.7,long,1,118,2910.824,11.689
NVDA,20191125,20200131,19,26,221.21,220.5,236.43,235.7,long,1,109,1656.8,6.893
NVDA,20191212,20200131,25,26,224.07,224.19,236.43,235.7,long,1,114,1312.14,5.134
NVDA,20191217,20200131,25,26,228.29,229.69,236.43,235.7,long,1,114,685.14,2.617
NVDA,20191218,20200131,26,26,229.51,230.9,236.43,235.7,long,1,114,547.201,2.079
NVDA,20191219,20200131,27,26,235.46,238.13,236.43,235.7,long,1,110,-267.3,-1.02
NVDA,20191220,20200131,28,26,239.37,240.52,236.43,235.7,long,1,108,-520.56,-2.004
NVDA,20200109,20200131,28,26,243.02,247.33,236.43,235.7,long,1,115,-1337.45,-4.702
NVDA,20200113,20200131,29,26,251.98,250.26,236.43,235.7,long,1,106,-1543.359,-5.818
NVDA,20200210,20200312,26,26,262.97,267.32,216.31,230.5,long,1,85,-3129.701,-13.774
NVDA,20200211,20200312,27,26,267.89,270.01,216.31,230.5,long,1,81,-3200.311,-14.633
NVDA,20200212,20200312,26,26,272.54,270.21,216.31,230.5,long,1,80,-3176.799,-14.696
NVDA,20200214,20200312,26,26,289.79,285.644,216.31,230.5,long,1,66,-3639.505,-19.305
NVDA,20200218,20200312,27,26,296.57,301.49,216.31,230.5,long,1,62,-4401.379,-23.546
NVDA,20200219,20200312,27,26,314.7,312.765,216.31,230.5,long,1,54,-4442.311,-26.302
NVDA,20200414,20201026,17,28,283.95,277.2,525.65,532.24,long,1,26,6631.039,92.006
NVDA,20200416,20201026,17,28,294.7,298.0,525.65,532.24,long,1,26,6090.24,78.604
NVDA,20200507,20201026,22,28,304.87,307.75,525.65,532.24,long,1,31,6959.19,72.946
NVDA,20200508,20201026,21,28,312.5,312.3,525.65,532.24,long,1,31,6818.14,70.426
NVDA,20200511,20201026,22,28,322.62,324.94,525.65,532.24,long,1,30,6219.0,63.796
NVDA,20200515,20201026,22,28,339.63,350.42,525.65,532.24,long,1,27,4909.139,51.886
NVDA,20200518,20201026,21,28,350.01,351.61,525.65,532.24,long,1,26,4696.38,51.372
NVDA,20200610,20201026,25,28,374.67,366.0,525.65,532.24,long,1,26,4322.24,45.421
NVDA,20200622,20201026,25,28,381.07,382.04,525.65,532.24,long,1,26,3905.199,39.315
NVDA,20200706,20201026,27,28,393.57,397.85,525.65,532.24,long,1,27,3628.529,33.779
NVDA,20200708,20201026,27,28,408.64,415.21,525.65,532.24,long,1,26,3042.78,28.186
NVDA,20200709,20201026,27,28,420.36,423.55,525.65,532.24,long,1,25,2717.25,25.662
NVDA,20200803,20201026,27,28,440.41,442.0,525.65,532.24,long,1,22,1985.28,20.416
NVDA,20200804,20201026,27,28,449.11,449.76,525.65,532.24,long,1,22,1814.56,18.339
NVDA,20200805,20201026,27,28,451.47,453.99,525.65,532.24,long,1,22,1721.5,17.236
NVDA,20200817,20201026,27,28,493.48,498.0,525.65,532.24,long,1,18,616.32,6.876
NVDA,20200821,20201026,26,28,507.34,515.35,525.65,532.24,long,1,17,287.13,3.277
NVDA,20200828,20201026,26,28,525.91,527.311,525.65,532.24,long,1,17,83.793,0.935
NVDA,20200831,20201026,26,28,534.98,539.2,525.65,532.24,long,1,16,-111.36,-1.291
NVDA,20200901,20201026,26,28,552.84,588.15,525.65,532.24,long,1,15,-838.65,-9.506
NVDA,20200902,20201026,26,28,573.86,553.145,525.65,532.24,long,1,14,-292.67,-3.779
NVDA,20201106,20201124,23,16,582.48,582.1,518.31,521.3,long,1,11,-668.8,-10.445
